ID,peak_rank,period_minutes,mean_power,power_smooth
102,1,94.99999999999999,0.06131154109099451,0.06617232627087116
104,1,96.23880597014924,0.14273095774893346,0.08449784083133142
107,1,143.5,0.06698987995467907,0.13465771388380948
108,1,155.44186046511626,0.18174303732828237,0.10484468324264358
109,1,21.270903010033447,0.0034033122540525294,0.003064111716672302
112,1,150.6046511627907,0.20358156679300332,0.11484170777541397
