period_band,n_IDs,prop_IDs
"[10,30)",1,0.16666666666666666
"[90,120)",2,0.3333333333333333
"[120,150)",1,0.16666666666666666
"[150,180)",2,0.3333333333333333
