peak_rank,period,mean_power,power_smooth
1,156.0101380783226,73.97338567055998,72.73561169556271
2,20.660872954985074,1.3480125940128995,1.3402997037375557
